{"cameraMode":{"drawMode":0,"name":"Shaded","section":"Shading Mode"},"sceneLighting":false,"audioPlay":false,"sceneViewState":{"showFog":true,"showMaterialUpdate":true,"showSkybox":false,"showFlares":true,"showImageEffects":true,"showParticleSystems":true},"in2DMode":false,"pivot":{"x":449.34136962890627,"y":258.0251770019531,"z":-15.9156494140625},"rotation":{"x":0.07673542946577072,"y":0.004478464834392071,"z":-0.0003698948712553829,"w":0.9970712661743164},"size":502.5986633300781,"orthographic":false}