{"cameraMode":{"drawMode":0,"name":"Shaded","section":"Shading Mode"},"sceneLighting":true,"audioPlay":false,"sceneViewState":{"showFog":true,"showMaterialUpdate":true,"showSkybox":true,"showFlares":true,"showImageEffects":true,"showParticleSystems":true},"in2DMode":false,"pivot":{"x":0.6996335983276367,"y":6.6982574462890629,"z":-40.23773956298828},"rotation":{"x":-0.3646548390388489,"y":0.21549637615680695,"z":-0.08716317266225815,"w":-0.9016845226287842},"size":37.803096771240237,"orthographic":false}