{"cameraMode":{"drawMode":0,"name":"Shaded","section":"Shading Mode"},"sceneLighting":true,"audioPlay":false,"sceneViewState":{"showFog":true,"showMaterialUpdate":true,"showSkybox":true,"showFlares":true,"showImageEffects":true,"showParticleSystems":true},"in2DMode":false,"pivot":{"x":1.491753101348877,"y":3.6489639282226564,"z":-43.14204025268555},"rotation":{"x":-0.3646548390388489,"y":0.21549637615680695,"z":-0.08716317266225815,"w":-0.9016845226287842},"size":21.38373565673828,"orthographic":false}