{"cameraMode":{"drawMode":0,"name":"Shaded","section":"Shading Mode"},"sceneLighting":true,"audioPlay":false,"sceneViewState":{"showFog":true,"showMaterialUpdate":true,"showSkybox":true,"showFlares":true,"showImageEffects":true,"showParticleSystems":true},"in2DMode":false,"pivot":{"x":6.278228759765625,"y":6.126995086669922,"z":1.5933475494384766},"rotation":{"x":-0.22421279549598695,"y":0.5027759671211243,"z":-0.13688760995864869,"w":-0.8235635757446289},"size":86.03887176513672,"orthographic":false}