{"cameraMode":{"drawMode":0,"name":"Shaded","section":"Shading Mode"},"sceneLighting":true,"audioPlay":false,"sceneViewState":{"showFog":true,"showMaterialUpdate":true,"showSkybox":true,"showFlares":true,"showImageEffects":true,"showParticleSystems":true},"in2DMode":false,"pivot":{"x":18.600000381469728,"y":49.099998474121097,"z":30.0},"rotation":{"x":-0.29680579900741579,"y":0.22964493930339814,"z":-0.07377595454454422,"w":-0.9240026473999023},"size":6.015757083892822,"orthographic":false}